-------------------------------------------------------1
insert into Genero 
values	('G01','Femenino'),
		('G02','Masculino'),
		('G03','Otro')

-------------------------------------------------------2
insert into Pais
values	('P01','Peru'),
		('P02','Chile'),
		('P03','Bolivia'),
		('P04','Argentina'),
		('P05','Colombia'),
		('P06','Estado Unidos'),
		('P07','Mexico'),
		('P08','España'),
		('P09','China'),
		('P10','India'),
		('P11','Japon'),
		('P12','Reino Unido'),
		('P13','Alemania'),
		('P14','Italia')

-------------------------------------------------------3
insert into Estado 
values	('E01','Activo'),
		('E02','Vacaciones'),
		('E03','Destituido'),
		('E04','Ausente')

-------------------------------------------------------4
insert into Area_Trabajador
values	('A01','Ventas'),
		('A02','Administracion'),
		('A03','Gerencia'),
		('A04','Almacen')

-------------------------------------------------------5
 insert into HorarioLaboral
 values	('H01','Completo',8),
		('H02','Parcial',4)

-------------------------------------------------------6
insert into Tipo_Envio
values	('E0001','Regular'),
		('E0002','Express'),
		('E0003','Internacional'),
		('E0004','Tramites'),
		('E0005','Puerta a puerta')

-------------------------------------------------------7
insert into Estado_Delivery
values	('ED001','Despachado'),
		('ED003','Comuniquese con asesor'),
		('ED004','En ruta de entrega'),
		('ED005','Entregado'),
		('ED006','Devuelto'),
		('ED002','Recogido')

-------------------------------------------------------8
insert into Tipo_Pago
values	('P0001','Efectivo'),
		('P0002','Credito'),
		('P0003','Debito'),
		('P0004','Pago efectivo'),
		('P0005','Web')

-------------------------------------------------------9
insert into Departamento 
values	('DEP01','Amazonas','P01'),
		('DEP02','Áncash','P01'),
		('DEP03','Apurímac','P01'),
		('DEP04','Arequipa','P01'),
		('DEP05','Ayacucho','P01'),
		('DEP06','Cajamarca','P01'),
		('DEP07','Callao','P01'),
		('DEP08','Cusco','P01'),
		('DEP09','Huancavelica','P01'),
		('DEP10','Huánuco','P01'),
		('DEP11','Ica','P01'),
		('DEP12','Junín','P01'),
		('DEP13','La Libertad','P01'),
		('DEP14','Lambayeque','P01'),
		('DEP15','Lima','P01'),
		('DEP16','Loreto','P01'),
		('DEP17','Madre de Dios','P01'),
		('DEP18','Moquegua','P01'),
		('DEP19','Pasco','P01'),
		('DEP20','Piura','P01'),
		('DEP21','Puno','P01'),
		('DEP22','San Martín','P01'),
		('DEP23','Tacna','P01'),
		('DEP24','Tumbes','P01'),
		('DEP25','Ucayali','P01')

-------------------------------------------------------10
Insert into Distrito
values	('DST01','CHACHAPOYAS','DEP01'),
		('DST02','HUARAZ','DEP02'),
		('DST03','ABANCAY','DEP03'),
		('DST04','AREQUIPA','DEP04'),
		('DST05','HUAMANGA','DEP05'),
		('DST06','CAJAMARCA','DEP06'),
		('DST07','CALLAO','DEP07'),
		('DST08','BELLAVISTA','DEP07'),
		('DST09','CARMEN DE LA LEGUA REYNOSO','DEP07'),
		('DST10','LA PERLA','DEP07'),
		('DST11','LA PUNTA','DEP07'),
		('DST12','VENTANILLA','DEP07'),
		('DST13','MI PERÚ','DEP07'),
		('DST14','CUSCO','DEP08'),
		('DST15','HUANCAVELICA','DEP09'),
		('DST16','HUANUCO','DEP10'),
		('DST17','ICA','DEP11'),
		('DST18','HUANCAYO','DEP12'),
		('DST19','TRUJILLO','DEP13'),
		('DST20','CHICLAYO','DEP14'),
		('DST21','LIMA','DEP15'),
		('DST22','ANCON','DEP15'),
		('DST23','ATE','DEP15'),
		('DST24','BARRANCO','DEP15'),
		('DST25','BREÑA','DEP15'),
		('DST26','CARABAYLLO','DEP15'),
		('DST27','CHACLACAYO','DEP15'),
		('DST28','CHORRILLOS','DEP15'),
		('DST29','CIENEGUILLA','DEP15'),
		('DST30','COMAS','DEP15'),
		('DST31','EL AGUSTINO','DEP15'),
		('DST32','INDEPENDENCIA','DEP15'),
		('DST33','JESUS MARIA','DEP15'),
		('DST34','LA MOLINA','DEP15'),
		('DST35','LA VICTORIA','DEP15'),
		('DST36','LINCE','DEP15'),
		('DST37','LOS OLIVOS','DEP15'),
		('DST38','LURIGANCHO','DEP15'),
		('DST39','LURIN','DEP15'),
		('DST40','MAGDALENA DEL MAR','DEP15'),
		('DST41','PUEBLO LIBRE','DEP15'),
		('DST42','MIRAFLORES','DEP15'),
		('DST43','PACHACAMAC','DEP15'),
		('DST44','PUCUSANA','DEP15'),
		('DST45','PUENTE PIEDRA','DEP15'),
		('DST46','PUNTA HERMOSA','DEP15'),
		('DST47','PUNTA NEGRA','DEP15'),
		('DST48','RIMAC','DEP15'),
		('DST49','SAN BARTOLO','DEP15'),
		('DST50','SAN BORJA','DEP15'),
		('DST51','SAN ISIDRO','DEP15'),
		('DST52','SAN JUAN DE LURIGANCHO','DEP15'),
		('DST53','SAN JUAN DE MIRAFLORES','DEP15'),
		('DST54','SAN LUIS','DEP15'),
		('DST55','SAN MARTIN DE PORRES','DEP15'),
		('DST56','SAN MIGUEL','DEP15'),
		('DST57','SANTA ANITA','DEP15'),
		('DST58','SANTA MARIA DEL MAR','DEP15'),
		('DST59','SANTA ROSA','DEP15'),
		('DST60','SANTIAGO DE SURCO','DEP15'),
		('DST61','SURQUILLO','DEP15'),
		('DST62','VILLA EL SALVADOR','DEP15'),
		('DST63','VILLA MARIA DEL TRIUNFO','DEP15'),
		('DST64','IQUITOS','DEP16'),
		('DST65','PUERTO MALDONADO','DEP17'),
		('DST66','MOQUEGUA','DEP18'),
		('DST68','CERRO DE PASCO','DEP19'),
		('DST69','PIURA','DEP20'),
		('DST70','PUNO','DEP21'),
		('DST71','MOYOBAMBA','DEP22'),
		('DST72','TACNA','DEP23'),
		('DST73','TUMBES','DEP24'),
		('DST74','PUCALLPA','DEP25')

-------------------------------------------------------11
insert into Caracteristica
values	('CA001','Resolucion'),
		('CA002','Capacidad'),
		('CA003','Numero de Nucleos'),
		('CA004','Velocidad Base'),
		('CA005','Web'),
		('CA006','Voltaje'),
		('CA007','Frecuencia'),
		('CA008','Latencia'),
		('CA009','Voltaje'),
		('CA010','Velocidad de lectura'),
		('CA011','Velocidad de escritura'),
		('CA012','TPD'),
		('CA013','Rotacion'),
		('CA014','Largo'),
		('CA015','Ancho'),
		('CA016','Profundidad'),
		('CA017','Socket'),
		('CA018','Panel')

-------------------------------------------------------12
insert into Unidad
values	('UN001','Megapixel'),
		('UN002','DDR3'),
		('UN003','DDR4'),
		('UN004','Voltios'),
		('UN005','KB'),
		('UN006','MB'),
		('UN007','GB'),
		('UN008','TB'),
		('UN009','Mhz'),
		('UN010','Ghz'),
		('UN011','MP'),
		('UN012','RPM'),
		('UN013','Pulgadas'),
		('UN014','Centrimetros'),
		('UN015','Metros'),
		('UN016','KB'),
		('UN017','Watts')

-------------------------------------------------------13
INSERT INTO Cantidad
values	('C0001','1'),
		('C0002','2'),
		('C0003','4'),
		('C0004','8'),
		('C0005','16'),
		('C0006','32'),
		('C0007','720'),
		('C0008','1080'),
		('C0009','4K'),
		('C0010','HD'),
		('C0011','FHD'),
		('C0012','3'),
		('C0013','5'),
		('C0014','6'),
		('C0015','3.5'),
		('C0016','3.6'),
		('C0017','3.7'),
		('C0018','3.8'),
		('C0019','3.9'),
		('C0020','65'),
		('C0021','95'),
		('C0022','70'),
		('C0023','60'),
		('C0024','55'),
		('C0025','90'),
		('C0026','12'),
		('C0027','10'),
		('C0028','20'),
		('C0029','450'),
		('C0030','500'),
		('C0031','550'),
		('C0032','540'),
		('C0033','AM4'),
		('C0034','AM3'),
		('C0035','IPS'),
		('C0036','TN')

-------------------------------------------------------14
insert into Direccion
values	('D001','Avenida Perú 3699','','','DST52'),
		('D002','Avenida La Marina 1200','','','DST36'),
		('D003','Av Los Héroes 1176 Of. 203','','','DST52'),
		('D004','Av. Libertadores 395','','','DST35'),
		('D005','Avenida Valle Del Sur 397','','','DST57'),
		('D006','Jirón General Vidal 921','','','DST52'),
		('D007','Avenida Angamos Este 1795','','','DST36'),
		('D008','Jr Republica del Ecuador 448','','','DST48'),
		('D009','Jirón Sinchi Roca 2372','','','DST35'),
		('D010','Jirón Camaná 199','','','DST57'),
		('D011','Independencia','Mz. C4','Lt. 20','DST36'),
		('D012','Calle Collasuyo 220','','','DST42'),
		('D013','Jirón Comandante Jimenez 120','','','DST36'),
		('D014','Calle Independencia 491','','','DST51'),
		('D015','Cooperativa America','Mz. D9','Lt. 11','DST57'),
		('D016','Cooperativa San German','Mz. J12','Lt. 01','DST33'),
		('D017','Los Alijos','Mz. A92','Lt. 29','DST51'),
		('D018','Urb. Tahuantinsuyo','Mz. K','Lt. 12','DST51'),
		('D019','Cooperativa Chimu','Mz. A90','Lt. 05','DST57'),
		('D020','Jirón Lima','Mz. L09','Lt. 25','DST36'),
		('D021','Calle Maria Curie','Mz. C','Lt. 04','DST52'),
		('D022','Alameda San Lorenzo 297','','','DST36'),
		('D023','Avenida Bellavista 301','','','DST51'),
		('D024','Avenida Primavera 970','','','DST33'),
		('D025','San Carlos 250','','','DST37'),
		('D026','Calle Francisco Graña 222','','','DST51'),
		('D027','Av. Santa Cruz 599','','','DST52'),
		('D028','Av. Horacio Urtega 938','','','DST51'),
		('D029','Calle Echenique 330','','','DST51'),
		('D030','Calle Las Caobas, 170 Of. 2','','','DST52'),
		('D031','Diez Canseco 180','','','DST53'),
		('D032','Calle Miguel Iglesias 106','','','DST51'),
		('D033','Avenida Javier Prado Este 1529','','','DST53'),
		('D034','Rodolfo Beltrán 134','','','DST52'),
		('D035','San Fernando 130','','','DST52'),
		('D036','Jirón Vulcano','Mz. M','Lt. 01','DST63'),
		('D037','Los Jardines','Mz. R9','Lt. 12','DST52'),
		('D038','Cooperativa San Vicente','Mz. L15','Lt. 15','DST53'),
		('D039','Cristan Velarde','Mz. H1','Lt. 04','DST36'),
		('D040','Diego Ferre','Mz. B5','Lt. 09','DST36'),
		('D041','Urb. Pedro Diez','Mz. C4','Lt. 19','DST52'),
		('D042','Urb. Carlos Jiménez Chávez','Mz.T2','Lt. 14','DST36'),
		('D043','Portada del Sol 535','','','DST63'),
		('D044','San Hilarion','Mz. J23','Lt. 01','DST50'),
		('D045','Jirón Huallaga 300','','','DST36'),
		('D046','Calle Cmdte. Jiménez 439','','','DST42'),
		('D047','Calle Sevilla 244','','','DST42'),
		('D048','Las Camelias 290','','','DST36'),
		('D049','Av Los Héroes 1176','','','DST52'),
		('D050','Avenida Aviación 4053	','','','DST52')

-------------------------------------------------------15
insert into Descuento
values	('D01','2020-01-01 00:00:00','2020-01-09 00:00:00'),
		('D02','2020-02-09 00:00:00','2020-02-14 00:00:00'),
		('D03','2020-02-21 00:00:00','2020-02-26 00:00:00'),
		('D04','2020-04-24 00:00:00','2020-04-28 00:00:00'),
		('D05','2020-05-15 00:00:00','2020-05-22 00:00:00'),
		('D06','2020-06-06 00:00:00','2020-06-26 00:00:00'),
		('D07','2019-01-04 00:00:00','2019-01-13 00:00:00'),
		('D08','2019-02-12 00:00:00','2019-02-22 00:00:00'),
		('D09','2019-03-23 00:00:00','2019-03-27 00:00:00'),
		('D10','2019-04-11 00:00:00','2019-04-24 00:00:00'),
		('D11','2019-05-15 00:00:00','2019-05-27 00:00:00'),
		('D12','2018-01-08 00:00:00','2018-01-12 00:00:00'),
		('D13','2018-02-02 00:00:00','2018-02-22 00:00:00'),
		('D14','2018-03-03 00:00:00','2019-03-23 00:00:00'),
		('D15','2018-09-04 00:00:00','2019-09-14 00:00:00')

-------------------------------------------------------------------16
 insert into TipoLocal
 values	('T001','Almacen'),
		('T002','Tienda'),
		('T003' , 'Empresa'),
		('T004','Administracion')

---------------------------------------------------------------------17
insert into Compania
values	('CMP01','RAZER','www.Razer.com','DST02'),
		('CMP02','MERCHTEC','www.MerchTec.com','DST01'),
		('CMP03','TecNova','www.TecNova.com','DST01'),
		('CMP04','TecnoloGic','www.TecnoloGic.com','DST01'),
		('CMP05','NZTEC','www.NZTEC.com','DST03'),
		('CMP06','PeruTec','www.PeruTec.com','DST03'),
		('CMP07','InnovaTec','www.InnovaTec.com','DST01'),
		('CMP08','LimaTec','www.LimaTec.com','DST02'),
		('CMP09','USATec','www.USATec.com','DST03'),
		('CMP10','NITRO','www.Nitro.com','DST02'),
		('CMP11','FirsTec','www.FirsTec.com','DST01')

---------------------------------------------------------------------18
insert into Contacto_Compania
values	('CTC01','Jose','Alvarez','JoseAlv@gmail.com','948245498', 'CMP01','G02'),
		('CTC02','Juan','Rojas','JuanRojas@gmail.com','948748789', 'CMP02','G02'),
		('CTC03','Diego','Torres','DiegoTorres@gmail.com','948157852', 'CMP03','G02'),
		('CTC04','Pedro','Villavicencio','PedroVillavicencio@gmail.com','948148597', 'CMP04','G02'),
		('CTC05','Willson','Granda','WillsonGranda@gmail.com','948279845', 'CMP05','G02'),
		('CTC06','Edson','Jorge','EdsonJorge@gmail.com','948798548', 'CMP06','G02'),
		('CTC07','Joseph','Salvatierra','JosephSalvatierra@gmail.com','948789548', 'CMP07','G02'),
		('CTC08','Noelia','Perez','StevenPerez@gmail.com','948789248', 'CMP08','G01'),
		('CTC09','Gonzalo','Cordoba','GonzaloCordoba@gmail.com','948147859', 'CMP09','G02'),
		('CTC10','Max','¨Portilla','Max¨Portilla@gmail.com','948285469', 'CMP10','G02'),
		('CTC11','Natalia','Sanchez','LuisSanchez@gmail.com','948752899', 'CMP11','G01')

---------------------------------------------------------------------19
insert into Cliente
values	('CL001','Martin Alberto','Vizcarra Cornejo','1963-03-22 00:00:00','20701746','995103195','tupresi_favo@hotmail.com','G02'),
		('CL002','Maria Pia','Corpelo Mazo','1965-08-02 00:00:00','21751846','994199718','Elpollitopio@hotmail.com','G01'),
		('CL003','Luis Daniel','Lazo Matta','1963-10-24 00:00:00','20754136','991251195','ElDanielGocha@hotmail.com','G02'),
		('CL004','Quelopana Luisa','Cabrera Orellana','1983-05-30 00:00:00','25711755','995114395','QAgata20@hotmail.com','G01'),
		('CL005','Vladimiro Lenin','Montesinos Torres','1953-01-05 00:00:00','29711746','989103195','RicaPLATA@hotmail.com','G02'),
		('CL006','Manuel Sebastian','Merino Merino','1990-07-13 00:00:00','20701666','988105195','SpeedRUNdepresi@hotmail.com','G02'),
		('CL007','Ricardo Jose','Odebrecth Oro','1963-03-22 00:00:00','20709946','995002195','SobornandoAndo@hotmail.com','G02'),
		('CL008','Keiko Katty','Fujimori Otosan','1970-09-11 00:00:00','20741746','995463195','EternaSegunda@hotmail.com','G01'),
		('CL009','Christian Alvaro','Meier Soliz','1995-11-11 00:00:00','29791746','998003195','Siempreguapo@hotmail.com','G02'),
		('CL010','Lizeth Andrea','Cazas Perez','1997-10-06 00:00:00','23711746','995363195','true_love_69@hotmail.com','G01'),
		('CL011','Oscar','Benavides Buenaventura','1969-09-06 00:00:00','20611746','992103195','Bienvenidalatarde@hotmail.com','G02'),
		('CL012','Sheyla Ariana','Rojas Garcia','1981-01-01 00:00:00','21751746','912303195','Platacomocanchavf@hotmail.com','G03'),
		('CL013','Renzo Eduardo','Costa Costa','2000-05-07 00:00:00','21371646','995103455','Empresa_RenzoCosta@hotmail.com','G02'),
		('CL014','Guianella Carla','Alvarado Lecka','2001-03-05 00:00:00','20701216','996403195','Funny_Jokes@hotmail.com','G01'),
		('CL015','Luis Soto','Montañez Diaz','2001-03-09 00:00:00','30701746','995199195','FBI_Peruano@hotmail.com','G02'),
		('CL016','Jose Maria','Haya de la torre','1999-12-12 00:00:00','50701746','995164195','Eterna_Ciudad_forever@hotmail.com','G02'),
		('CL017','Samantha ','Vizcarra Cornejo','1999-12-25 00:00:00','50701746','991473195','Lachina_el_tiburon@hotmail.com','G01'),
		('CL018','Melissa Katherine','Klug Arana','1999-08-24 00:00:00','20755555','997773195','dinero_por_millons@hotmail.com','G01'),
		('CL019','Paolo Paolin','Guerrero Mattos','1994-02-04 00:00:00','20726544','996313195','MeteGolDEunavez@hotmail.com','G03')

--------------------------------------------------------------------------------------------------------20
insert into local
values	('L001','SuperMemoryKing',1000,500,50,'T002','DST01'),
		('L002','Deposito',3000,1000,150,'T001','DST02'),
		('L003','SAC MK',1000,1000,100,'T003','DST03'),
		('L004','StoreMemoryK',800,100,30,'T002','DST06'),
		('L005','Polvos Memory',500,300,10,'T002','DST09'),
		('L006','180Almacen',8000,1000,750,'T001','DST04'),
		('L007','Memory',3000,6000,70,'T003','DST08'),
		('L008','Torre Memory',800,1000,30,'T002','DST10'),
		('L009','Wilson Memory',600,3000,750,'T002','DST07'),
		('L010','TN Memory',900,3000,750,'T002','DST15'),
		('L011','MN Memory',1600,3000,150,'T002','DST16'),
		('L012',' Memory',400,300,10,'T002','DST17'),
		('L013','Deposito2',1600,3000,150,'T001','DST15'),
		('L014','TR Memory',600,3000,750,'T002','DST18')

---------------------------------------------------------------------------------------------------------21
insert into Categoria
Values	('CAT01','Monitor'),
		('CAT02','Memoria'),
		('CAT03','Mouse'),
		('CAT04','Teclado'),
		('CAT05','Auricular'),
		('CAT06','Audio'),
		('CAT07','Case'),
		('CAT08','Celulares'),
		('CAT09','Accesorios de Pc'),
		('CAT10','Impresoras'),
		('CAT11','Laptops'),
		('CAT12','Tarjetas de video'),
		('CAT13','Software'),
		('CAT14','Discos')

---------------------------------------------------------------------------------------------------------22
insert into Marca
 values ('MAR01', 'LG','CAT01'),
    	('MAR02','Logitech','CAT03'),
    	('MAR03', 'Philips','CAT05'),
    	('MAR04', 'Kingston','CAT02'),
    	('MAR05', 'AMD','CAT12'),
    	('MAR06', 'AVAST','CAT13'),
    	('MAR07', 'Dell','CAT04'),
    	('MAR08', 'Creative','CAT09'),
    	('MAR09', 'HP','CAT10'),
    	('MAR10', 'HyperX','CAT02'),
    	('MAR11', 'Samsung','CAT08'),
    	('MAR12', 'MSI','CAT09'),
		('MAR13', 'Cougar','CAT07'),
		('MAR14', 'Sony','CAT11'),
		('MAR15', 'EPSON','CAT10')

---------------------------------------------------------------------------------------------------------23
insert into Modelo
values('MOD01','K380','MAR07'),
      ('MOD02','M535','MAR02'),
      ('MOD03','1866','MAR10'),
      ('MOD04','19M38A','MAR01'),
      ('MOD05','SHB2505BK','MAR03'),
      ('MOD06','Micro 3.1','MAR04'),
      ('MOD07','Inspire T10','MAR08'),
      ('MOD08','EVO RGB','MAR13'),
      ('MOD09','Galaxy A01','MAR11'),
      ('MOD10','GC20','MAR12'),
      ('MOD11','KC250','MAR04'),
      ('MOD12','M404dw','MAR09'),
      ('MOD13','14 3493','MAR14'),
      ('MOD14','RX5500XT','MAR05'),
      ('MOD15','Premium Security 2020','MAR06'),
      ('MOD16','K385','MAR07'),
      ('MOD17','M135','MAR02'),
      ('MOD18','1000','MAR10'),
      ('MOD19','2M50A','MAR01'),
      ('MOD20','SHBR4KM','MAR03'),
      ('MOD21','Micro 6.1','MAR04'),
      ('MOD22','Inspire T08','MAR08'),
      ('MOD23','MTR RGB','MAR13'),
      ('MOD24','Galaxy A03','MAR11'),
      ('MOD25','GC30','MAR12'),
      ('MOD26','KC550','MAR04'),
      ('MOD27','M6D6w','MAR09'),
      ('MOD28','14 3050','MAR14'),
      ('MOD29','RX7500XT','MAR05'),
      ('MOD30','Premium Security 2019','MAR06')

---------------------------------------------------------------------------------------------------------24
insert into Producto
values	('PRD01','Teclado', 120, 423,'MOD01'),
		('PRD02','Mouse', 73, 82,'MOD02'),
		('PRD03','Memoria Ram', 102, 20,'MOD03'),
		('PRD04','Monitor', 299, 2100,'MOD04'),
		('PRD05','Auricular', 310, 42,'MOD05'),
		('PRD06','Memoria USB', 142, 10,'MOD06'),
		('PRD07','Parlante', 182, 800,'MOD07'),
		('PRD08','CASE', 850, 900,'MOD08'),
		('PRD09','Celular', 310, 42,'MOD09'),
		('PRD10','Joystick', 153, 300,'MOD10'),
		('PRD11','Disco SSD', 886, 40,'MOD11'),
		('PRD12','Impresora', 1277, 8560,'MOD12'),
		('PRD13','Laptop', 1821, 4500,'MOD13'),
		('PRD14','Tarjeta de video', 803, 102,'MOD14'),
		('PRD15','Software Antivirus', 310, 42,'MOD15'),
		('PRD16','Teclado', 150, 723,'MOD16'),
		('PRD17','Mouse', 80, 92,'MOD17'),
		('PRD18','Memoria Ram', 120, 30,'MOD18'),
		('PRD19','Monitor', 700, 4100,'MOD19'),
		('PRD20','Auricular', 210, 42,'MOD20'),
		('PRD21','Memoria USB',50, 10,'MOD21'),
		('PRD22','Parlante', 250, 800,'MOD22'),
		('PRD23','CASE', 950, 700,'MOD23'),
		('PRD24','Celular', 700, 142,'MOD24'),
		('PRD25','Joystick', 180, 320,'MOD25'),
		('PRD26','Disco SSD', 800, 140,'MOD26'),
		('PRD27','Impresora', 500, 6560,'MOD27'),
		('PRD28','Laptop', 3021, 4700,'MOD28'),
		('PRD29','Tarjeta de video', 900, 140,'MOD29'),
		('PRD30','Software Antivirus', 350, 45,'MOD30')

---------------------------------------------------------------------------------------------------------25
insert into Estado_Contacto
values	('E01','CTC01','20200104 00:00:00','Trabajo constante'),
		('E01','CTC01','20200204 00:00:00','Trabajo constante'),
		('E01','CTC02','20200104 00:00:00','Trabajo constante'),
		('E01','CTC03','20200108 00:00:00','Trabajo constante'),
		('E01','CTC04','20200103 00:00:00','Trabajo constante'),
		('E02','CTC05','20200101 00:00:00','Vacaciones pagadas'),
		('E04','CTC01','20200115 00:00:00','Hospitalizado'),
		('E01','CTC06','20200312 00:00:00','Trabajo constante'),
		('E04','CTC11','20200310 00:00:00','Faltas injustificadas'),
		('E04','CTC11','20200214 00:00:00','Trabajo constante'),
		('E01','CTC08','20200404 00:00:00','Trabajo constante remoto'),
		('E01','CTC07','20200304 00:00:00','Trabajo constante remoto'),
		('E03','CTC07','20200504 00:00:00','Muerte por covid'),
		('E01','CTC06','20200504 00:00:00','Trabajo remoto'),
		('E04','CTC07','20200504 00:00:00','Ausente')

---------------------------------------------------------------------------------------------------------------------26
insert into Empresa_Delivery
values	('CE01','Rappi','E0005'),
		('CE02','Betza','E0004'),
		('CE03','Integrado Sac','E0003'),
		('CE04','Liberty','E0002'),
		('CE05','Cargo Sac','E0001')

----------------------------------------------------------------------------------------------------------------------27
insert into Trabajador
values	('TBJ01','Jose','Perez','1984-03-22 00:00:00','54859896','947753595','1500','TBJ05','A04','L004','H01','G02','DST08'),
  		('TBJ02','Juan','Yataco','1991-05-24 00:00:00','74548595','947457458','1752','TBJ05','A01','L004','H02','G02','DST05'),
		('TBJ03','Reider','Rojas','1987-07-15 00:00:00','71245895','947781456','2500','TBJ05','A02','L004','H01','G02','DST04'),
		('TBJ04','Monica','Fernandez','1984-11-01 00:00:00','72878985','947852459','2700','TBJ05','A02','L004','H01','G01','DST16'),
		('TBJ05','Diego','Garcia','1981-07-05 00:00:00','73878987','947944587','4000',NULL,'A03','L004','H02','G02','DST18'),
		('TBJ06','Nicole','Pachas','1994-06-05 00:00:00','75878941','947982597','1781','TBJ05','A02','L004','H01','G01','DST19'),
		('TBJ07','David','Molina','1998-07-01 00:00:00','76878214','947743958','1500','TBJ05','A04','L004','H01','G02','DST09'),
		('TBJ08','Jean','Saravia','1989-03-18 00:00:00','79478547','947971937','1550','TBJ05','A04','L004','H02','G02','DST05'),
		('TBJ09','Salvador','Ramos','1979-08-25 00:00:00','77445566','947854987','1800','TBJ05','A01','L004','H01','G02','DST01'),
		('TBJ10','Tomas','Velasquez','1995-01-21 00:00:00','78149578','947879415','1900','TBJ05','A02','L004','H01','G02','DST20'),
		('TBJ11','Angie','Suarez','1989-03-19 00:00:00','74248789','947916584','1500','TBJ05','A04','L004','H02','G01','DST28')

----------------------------------------------------------------------------------------------------------------------28
insert into Local_Producto
values	('L001','PRD01','20200105 00:00:00',20,'Excelente'),
		('L001','PRD02','20200105 00:00:00',13,'Excelente'),
		('L001','PRD04','20200105 00:00:00',38,'Excelente'),
		('L001','PRD05','20200105 00:00:00',32,'bien'),
		('L001','PRD06','20200105 00:00:00',24,'Excelente'),
		('L001','PRD07','20200125 00:00:00',15,'Mal'),
		('L002','PRD01','20200213 00:00:00',21,'Excelente'),
		('L002','PRD08','20200211 00:00:00',16,'Excelente'),
		('L002','PRD10','20200301 00:00:00',31,'Bien'),
		('L003','PRD01','20200112 00:00:00',26,'Excelente'),
		('L003','PRD08','20200316 00:00:00',22,'Excelente'),
		('L004','PRD14','20200705 00:00:00',15,'Excelente'),
		('L005','PRD12','20200425 00:00:00',17,'Excelente'),
		('L005','PRD13','20200605 00:00:00',18,'Excelente'),
		('L006','PRD09','20200506 00:00:00',13,'Excelente'),
		('L006','PRD02','20200307 00:00:00',17,'Excelente'),
		('L008','PRD04','20200302 00:00:00',21,'Excelente'),
		('L008','PRD06','20200605 00:00:00',32,'Demora'),
		('L009','PRD06','20200605 00:00:00',26,'Excelente'),
		('L010','PRD07','20200722 00:00:00',23,'Excelente'),
		('L011','PRD08','20200413 00:00:00',11,'Excelente'),
		('L011','PRD08','20200416 00:00:00',16,'Excelente'),
		('L011','PRD03','20200608 00:00:00',15,'Demora'),
		('L012','PRD11','20200712 00:00:00',27,'Excelente'),
		('L012','PRD08','20200716 00:00:00',19,'Excelente'),
		('L013','PRD14','20200505 00:00:00',8,'Excelente'),
		('L013','PRD12','20200725 00:00:00',11,'Excelente'),
		('L014','PRD10','20200605 00:00:00',22,'Excelente')

--------------------------------------------------------------------------------------------------------------------29
insert into Venta
values	('VEN01','CL001','P0001','TBJ02','2018-02-12 00:00:00','266'),
		('VEN02','CL002','P0002','TBJ01','2018-03-21 00:00:00','849'),
		('VEN03','CL003','P0002','TBJ02','2018-03-14 00:00:00','648'),
		('VEN04','CL004','P0003','TBJ06','2018-04-25 00:00:00','1470'),
		('VEN05','CL005','P0005','TBJ01','2018-04-15 00:00:00','1925'),
		('VEN06','CL006','P0003','TBJ02','2018-05-28 00:00:00','3098'),
		('VEN07','CL007','P0001','TBJ07','2018-05-16 00:00:00','600'),
		('VEN08','CL008','P0002','TBJ01','2018-06-22 00:00:00','720'),
		('VEN09','CL009','P0005','TBJ07','2018-06-17 00:00:00','500'),
		('VEN10','CL010','P0005','TBJ02','2018-07-27 00:00:00','300'),
		('VEN11','CL011','P0005','TBJ08','2018-07-03 00:00:00','800'),
		('VEN12','CL008','P0004','TBJ11','2019-01-22 00:00:00','600'),
		('VEN13','CL009','P0004','TBJ10','2019-01-22 00:00:00','400'),
		('VEN14','CL012','P0001','TBJ11','2019-02-02 00:00:00','500'),
		('VEN15','CL013','P0003','TBJ07','2019-03-12 00:00:00','700'),
		('VEN16','CL013','P0002','TBJ02','2019-04-02 00:00:00','900'),
		('VEN17','CL002','P0001','TBJ10','2019-06-22 00:00:00','100'),
		('VEN18','CL019','P0001','TBJ11','2019-06-12 00:00:00','100'),
		('VEN19','CL015','P0002','TBJ06','2019-06-02 00:00:00','100'),
		('VEN20','CL013','P0002','TBJ08','2019-06-15 00:00:00','700'),
		('VEN21','CL005','P0002','TBJ06','2019-04-23 00:00:00','100'),
		('VEN22','CL015','P0002','TBJ02','2019-02-25 00:00:00','200'),
		('VEN23','CL014','P0002','TBJ05','2019-03-18 00:00:00','200'),
		('VEN24','CL003','P0002','TBJ05','2019-05-22 00:00:00','300'),
		('VEN25','CL009','P0002','TBJ01','2019-05-12 00:00:00','300'),
		('VEN26','CL010','P0002','TBJ08','2019-06-18 00:00:00','800'),
		('VEN27','CL011','P0002','TBJ09','2019-01-27 00:00:00','800'),
		('VEN28','CL018','P0002','TBJ07','2020-01-22 00:00:00','200'),
		('VEN29','CL018','P0002','TBJ08','2020-01-23 00:00:00','100'),
		('VEN30','CL013','P0002','TBJ09','2020-01-24 00:00:00','100'),
		('VEN31','CL005','P0002','TBJ07','2020-01-02 00:00:00','400'),
		('VEN32','CL008','P0002','TBJ02','2020-02-22 00:00:00','400'),
		('VEN33','CL009','P0002','TBJ10','2020-02-02 00:00:00','600'),
		('VEN34','CL017','P0002','TBJ04','2020-02-18 00:00:00','600'),
		('VEN35','CL016','P0002','TBJ01','2020-04-22 00:00:00','700'),
		('VEN36','CL005','P0002','TBJ10','2020-06-22 00:00:00','700'),
		('VEN37','CL004','P0002','TBJ01','2020-06-23 00:00:00','700'),
		('VEN38','CL007','P0002','TBJ09','2020-06-20 00:00:00','700'),
		('VEN39','CL013','P0002','TBJ11','2020-06-02 00:00:00','500'),
		('VEN40','CL006','P0002','TBJ10','2020-06-12 00:00:00','500'),
		('VEN41','CL004','P0002','TBJ03','2020-05-12 00:00:00','800'),
		('VEN42','CL001','P0002','TBJ05','2020-06-10 00:00:00','600'),
		('VEN43','CL002','P0002','TBJ02','2020-07-12 00:00:00','700'),
		('VEN44','CL011','P0002','TBJ06','2020-08-22 00:00:00','100'),
		('VEN45','CL010','P0002','TBJ01','2020-09-12 00:00:00','100'),
		('VEN46','CL004','P0002','TBJ10','2020-10-22 00:00:00','700'),
		('VEN47','CL018','P0002','TBJ06','2020-09-22 00:00:00','100'),
		('VEN48','CL019','P0002','TBJ08','2020-10-21 00:00:00','700'),
		('VEN49','CL002','P0002','TBJ02','2020-07-02 00:00:00','700'),
		('VEN50','CL001','P0002','TBJ03','2020-08-19 00:00:00','700')

--------------------------------------------------------------------------------------------------------------------30
insert into Detalle_Venta
values	('VEN01','PRD01','1',120,423),
		('VEN01','PRD02','2',146,164),
		('VEN02','PRD05','2',620,84),
		('VEN02','PRD04','1',229,2100),
		('VEN03','PRD06','2',284,20),
		('VEN03','PRD07','2',364,1600),
		('VEN04','PRD08','1',850,900),
		('VEN04','PRD09','2',620,84),
		('VEN05','PRD10','1',153,300),
		('VEN05','PRD11','2',1772,80),
		('VEN06','PRD12','1',1277,8560),
		('VEN06','PRD13','2',1821,4500)

--------------------------------------------------------------------------------------------------------------------31
insert into DescuestoxProducto
values	('D01','PRD04',0.15),
		('D02','PRD10',0.20),
		('D05','PRD05',0.25),
		('D05','PRD14',0.25),
		('D07','PRD08',0.10),
		('D07','PRD03',0.10),
		('D08','PRD10',0.20),
		('D08','PRD04',0.20),
		('D10','PRD09',0.17),
		('D11','PRD12',0.22),
		('D06','PRD11',0.13),
		('D12','PRD07',0.17)

------------------------------------------------------------------------------------------------------------------32
insert into  Estado_Trabajador
values	('E01','TBJ01','20200204','TRABAJO CONSTANTE'),
		('E01','TBJ02','20200206','TRABAJO CONSTANTE'),
		('E01','TBJ03','20200204','TRABAJO CONSTANTE'),
		('E01','TBJ04','20200104','TRABAJO CONSTANTE'),
		('E01','TBJ05','20200120','TRABAJO CONSTANTE'),
		('E04','TBJ01','20200404','COVID'),
		('E01','TBJ06','20200124','TRABAJO CONSTANTE'),
		('E01','TBJ07','20200114','TRABAJO CONSTANTE'),
		('E01','TBJ08','20200204','TRABAJO CONSTANTE'),
		('E02','TBJ02','20200404','VACACIONES PAGADAS'),
		('E01','TBJ02','20200406','TRABAJO CONSTANTE'),
		('E01','TBJ09','20200310','TRABAJO CONSTANTE'),
		('E04','TBJ07','20200208','COVID'),
		('E01','TBJ10','20200215','TRABAJO CONSTANTE')

--------------------------------------------------------------------------------------------------------------------33
insert into Orden_Compra
values	('OR01','CTC01','TBJ01','20200208',20000),
		('OR02','CTC04','TBJ07','20200210',70000),
		('OR03','CTC08','TBJ07','20200220',90000),
		('OR04','CTC10','TBJ08','20200208',50000),
		('OR05','CTC10','TBJ01','20200220',20000),
		('OR06','CTC11','TBJ01','20200208',40000),
		('OR07','CTC07','TBJ01','20200208',50000),
		('OR08','CTC11','TBJ08','20200308',60000),
		('OR09','CTC01','TBJ11','20200308',20000),
		('OR10','CTC03','TBJ07','20200208',90000),
		('OR11','CTC01','TBJ01','20200315',50000),
		('OR12','CTC01','TBJ08','20200315',80000),
		('OR13','CTC01','TBJ11','20200401',30000),
		('OR14','CTC08','TBJ07','20200408',20000),
		('OR15','CTC10','TBJ07','20200410',50000),
		('OR16','CTC10','TBJ08','20200412',20000),
		('OR17','CTC01','TBJ11','20200418',40000),
		('OR18','CTC07','TBJ08','20200502',50000),
		('OR19','CTC11','TBJ08','20200508',60000),
		('OR20','CTC01','TBJ11','20200508',20000),
		('OR21','CTC03','TBJ01','20200618',90000),
		('OR22','CTC01','TBJ01','20200615',50000),
		('OR23','CTC01','TBJ01','20200715',80000)

-----------------------------------------------------------------------------------------------------------34
insert into Detalle_Producto
values	('PRD01','UN014','CA015',NULL),
		('PRD03','UN007','CA015','C0006'),
		('PRD02',NULL,'CA015',NULL),
		('PRD04','UN014','CA015',NULL),
		('PRD05',NULL,'CA015',NULL),
		('PRD06','UN007','CA002','C0003'),
		('PRD07',NULL,'CA015',NULL),
		('PRD08',NULL,'CA014',NULL),
		('PRD09','UN006','CA002','C0003'),
		('PRD10',NULL,'CA015',NULL),
		('PRD11','UN007','CA002','C0007')

-------------------------------------------------------------------------------------------------------------35
insert into Detalle_Orden_Compra
values	('OR01','PRD01',200,100),
		('OR02','PRD08',100,700),
		('OR03','PRD06',900,100),
		('OR04','PRD07',500,100),
		('OR05','PRD07',200,100),
		('OR06','PRD14',400,100),
		('OR07','PRD07',500,100 ),
		('OR08','PRD11',100,600),
		('OR09','PRD09',200,100),
		('OR10','PRD12',100,900),
		('OR11','PRD08',100,500)

-------------------------------------------------------------------------------------------------------------36
insert into Delivery
values	('D0001','VEN01','CE03','D017','9','2018-02-15'),
		('D0002','VEN09','CE05','D026','9','2018-06-19'),
		('D0003','VEN10','CE02','D004','8','2018-07-28'),
		('D0004','VEN02','CE01','D028','5','2018-02-13'),
		('D0005','VEN08','CE01','D043','15','2018-06-22'),
		('D0006','VEN11','CE02','D033','14.5','2018-07-09'),
		('D0007','VEN06','CE04','D036','14.5','2018-05-29'),
		('D0008','VEN07','CE04','D045','5','2018-05-16'),
		('D0009','VEN04','CE03','D016','8','2018-04-27'),
		('D0010','VEN05','CE05','D044','9','2018-04-18'),
		('D0011','VEN03','CE03','D048','1','2018-03-15')
-----------------------------------------------------------------------------------------------------------37
INSERT INTO DeliveryxEstado
values	('D0001','ED001','20180220','NINGUNA'),
		('D0001','ED004','20180223','NINGUNA'),
		('D0001','ED005','20180224','NINGUNA'),
		('D0002','ED001','20180620','NINGUNA'),
		('D0002','ED004','20180621','NINGUNA'),
		('D0002','ED005','20180622','NINGUNA'),
		('D0003','ED001','20180729','NINGUNA'),
		('D0003','ED004','20180730','NINGUNA'),
		('D0003','ED005','20180731','BIEN'),
		('D0004','ED001','20180213','NINGUNA'),
		('D0004','ED004','20180214','NINGUNA'),
		('D0004','ED005','20180216','NINGUNA'),
		('D0005','ED001','20180624','NINGUNA'),
		('D0005','ED004','20180626','NINGUNA'),
		('D0005','ED005','20180627','NINGUNA'),
		('D0006','ED001','20180710','NINGUNA'),
		('D0006','ED004','20180711','NINGUNA'),
		('D0006','ED005','20180712','NINGUNA'),
		('D0007','ED001','20180529','BIEN'),
		('D0007','ED004','20180530','NINGUNA'),
		('D0007','ED005','20180531','NINGUNA'),
		('D0008','ED001','20180520','NINGUNA'),
		('D0008','ED004','20180521','NINGUNA'),
		('D0008','ED005','20180522','NINGUNA'),
		('D0009','ED001','20180428','NINGUNA'),
		('D0009','ED004','20180429','NINGUNA'),
		('D0009','ED005','20180430','BIEN')